{"title":"Référentiel général d&#39;écoconception de services numériques","url":"https://ecoresponsable.numerique.gouv.fr/","description":"Référentiel piloté par la DINUM, le Ministère de la Transition Écologique, l’ADEME et l’Institut du Numérique Responsable","version":"v1","updated_at":"2022-11-29","author":{"name":"MiNumEco, la mission interministérielle numérique écoresponsable","url":"https://ecoresponsable.numerique.gouv.fr/a-propos/"},"criteres":[{"id":"1.1","url":"https://ecoresponsable.numerique.gouv.fr/publications/referentiel-general-ecoconception/critere/1.1/","critere":"Le service numérique a-t-il été évalué favorablement en termes d'utilité en tenant compte de ses impacts environnementaux ?","thematique":"Stratégie"},{"id":"1.2","url":"https://ecoresponsable.numerique.gouv.fr/publications/referentiel-general-ecoconception/critere/1.2/","critere":"Le service numérique a-t-il défini ses cibles utilisatrices ?","thematique":"Stratégie"},{"id":"1.3","url":"https://ecoresponsable.numerique.gouv.fr/publications/referentiel-general-ecoconception/critere/1.3/","critere":"Le service numérique a-t-il défini les besoins métiers et les attentes réelles des utilisateurs cibles ?","thematique":"Stratégie"},{"id":"1.4","url":"https://ecoresponsable.numerique.gouv.fr/publications/referentiel-general-ecoconception/critere/1.4/","critere":"Le service numérique a-t-il défini la liste des profils de matériel que les utilisateurs vont pouvoir employer pour y accéder ?","thematique":"Stratégie"},{"id":"1.5","url":"https://ecoresponsable.numerique.gouv.fr/publications/referentiel-general-ecoconception/critere/1.5/","critere":"Le service numérique est-il utilisable sur des terminaux âgés de 5 ans ou plus ?","thematique":"Stratégie"},{"id":"1.6","url":"https://ecoresponsable.numerique.gouv.fr/publications/referentiel-general-ecoconception/critere/1.6/","critere":"Le service numérique s'adapte-t-il à différents types de terminaux d'affichage ?","thematique":"Stratégie"},{"id":"1.7","url":"https://ecoresponsable.numerique.gouv.fr/publications/referentiel-general-ecoconception/critere/1.7/","critere":"Le service numérique a-t-il été conçu avec des technologies standard interopérables plutôt que des technologies spécifiques et fermées ?","thematique":"Stratégie"},{"id":"1.8","url":"https://ecoresponsable.numerique.gouv.fr/publications/referentiel-general-ecoconception/critere/1.8/","critere":"Le service numérique a-t-il au moins un référent identifié en écoconception numérique ?","thematique":"Stratégie"},{"id":"1.9","url":"https://ecoresponsable.numerique.gouv.fr/publications/referentiel-general-ecoconception/critere/1.9/","critere":"Le service numérique a-t-il identifié des indicateurs pour mesurer ses impacts environnementaux ?","thematique":"Stratégie"},{"id":"1.10","url":"https://ecoresponsable.numerique.gouv.fr/publications/referentiel-general-ecoconception/critere/1.10/","critere":"Le service numérique s'est-il fixé des objectifs en matière de réduction ou de limitation de ses propres impacts environnementaux ?","thematique":"Stratégie"},{"id":"1.11","url":"https://ecoresponsable.numerique.gouv.fr/publications/referentiel-general-ecoconception/critere/1.11/","critere":"Le service numérique réalise-t-il régulièrement des revues pour s'assurer du respect de la réduction ou de la limitation de ses impacts environnementaux ?","thematique":"Stratégie"},{"id":"1.12","url":"https://ecoresponsable.numerique.gouv.fr/publications/referentiel-general-ecoconception/critere/1.12/","critere":"Le service numérique publie-t-il une déclaration ou une politique d'écoconception ?","thematique":"Stratégie"},{"id":"2.1","url":"https://ecoresponsable.numerique.gouv.fr/publications/referentiel-general-ecoconception/critere/2.1/","critere":"Le service numérique a-t-il été conçu avec une revue de conception et une revue de code en ayant pour un des objectifs de réduire les impacts environnementaux de chaque fonctionnalité ?","thematique":"Spécifications"},{"id":"2.2","url":"https://ecoresponsable.numerique.gouv.fr/publications/referentiel-general-ecoconception/critere/2.2/","critere":"Le service numérique a-t-il prévu une stratégie de décommissionnement pour ses fonctionnalités, ses composants ou ses environnements non utilisés ?","thematique":"Spécifications"},{"id":"2.3","url":"https://ecoresponsable.numerique.gouv.fr/publications/referentiel-general-ecoconception/critere/2.3/","critere":"Le service numérique impose-t-il à ses fournisseurs de garantir une démarche de réduction de leurs impacts environnementaux ?","thematique":"Spécifications"},{"id":"2.4","url":"https://ecoresponsable.numerique.gouv.fr/publications/referentiel-general-ecoconception/critere/2.4/","critere":"Le service numérique a-t-il pris en compte les impacts environnementaux des composants d'interface prêts à l'emploi utilisés ?","thematique":"Spécifications"},{"id":"2.5","url":"https://ecoresponsable.numerique.gouv.fr/publications/referentiel-general-ecoconception/critere/2.5/","critere":"Le service numérique a-t-il pris en compte les impacts environnementaux des services tiers utilisés lors de leur sélection ?","thematique":"Spécifications"},{"id":"3.1","url":"https://ecoresponsable.numerique.gouv.fr/publications/referentiel-general-ecoconception/critere/3.1/","critere":"Le service numérique repose-t-il sur une architecture, des ressources ou des composants conçus pour réduire leurs propres impacts environnementaux ?","thematique":"Architecture"},{"id":"3.2","url":"https://ecoresponsable.numerique.gouv.fr/publications/referentiel-general-ecoconception/critere/3.2/","critere":"Le service numérique fonctionne-t-il sur une architecture pouvant adapter la quantité de ressources utilisées en fonction de la consommation du service ?","thematique":"Architecture"},{"id":"3.3","url":"https://ecoresponsable.numerique.gouv.fr/publications/referentiel-general-ecoconception/critere/3.3/","critere":"Le service numérique a-t-il pris en compte l'évolution technique des protocoles ?","thematique":"Architecture"},{"id":"3.4","url":"https://ecoresponsable.numerique.gouv.fr/publications/referentiel-general-ecoconception/critere/3.4/","critere":"Le service numérique utilise-t-il un protocole d'échange adapté aux contenus transférés ?","thematique":"Architecture"},{"id":"3.5","url":"https://ecoresponsable.numerique.gouv.fr/publications/referentiel-general-ecoconception/critere/3.5/","critere":"Le service numérique garantit-il la mise à disposition de mises à jour correctives pendant toute la durée de vie prévue des équipements et des logiciels liés au service ?","thematique":"Architecture"},{"id":"3.6","url":"https://ecoresponsable.numerique.gouv.fr/publications/referentiel-general-ecoconception/critere/3.6/","critere":"Le service numérique propose-t-il d'installer des mises à jour correctives indépendamment des mises à jour évolutives ?","thematique":"Architecture"},{"id":"4.1","url":"https://ecoresponsable.numerique.gouv.fr/publications/referentiel-general-ecoconception/critere/4.1/","critere":"Le service numérique est-il utilisable via une connexion bas débit ?","thematique":"UX/UI"},{"id":"4.2","url":"https://ecoresponsable.numerique.gouv.fr/publications/referentiel-general-ecoconception/critere/4.2/","critere":"Le service numérique comporte-t-il uniquement des éléments animations, vidéos et sons dont la lecture automatique est désactivée ?","thematique":"UX/UI"},{"id":"4.3","url":"https://ecoresponsable.numerique.gouv.fr/publications/referentiel-general-ecoconception/critere/4.3/","critere":"Le service numérique affiche-t-il uniquement des contenus sans défilement de page infini ?","thematique":"UX/UI"},{"id":"4.4","url":"https://ecoresponsable.numerique.gouv.fr/publications/referentiel-general-ecoconception/critere/4.4/","critere":"Le service numérique optimise-t-il le parcours de navigation pour chaque fonctionnalité principale ?","thematique":"UX/UI"},{"id":"4.5","url":"https://ecoresponsable.numerique.gouv.fr/publications/referentiel-general-ecoconception/critere/4.5/","critere":"Le service numérique permet-il à l'utilisateur de décider de l'activation d'un service tiers ?","thematique":"UX/UI"},{"id":"4.6","url":"https://ecoresponsable.numerique.gouv.fr/publications/referentiel-general-ecoconception/critere/4.6/","critere":"Le service numérique utilise-t-il majoritairement des composants fonctionnels natifs du système d'exploitation, du navigateur ou du langage utilisé ?","thematique":"UX/UI"},{"id":"4.7","url":"https://ecoresponsable.numerique.gouv.fr/publications/referentiel-general-ecoconception/critere/4.7/","critere":"Le service numérique utilise-t-il uniquement du contenu vidéo, audio et animé porteur d'informations ?","thematique":"UX/UI"},{"id":"4.8","url":"https://ecoresponsable.numerique.gouv.fr/publications/referentiel-general-ecoconception/critere/4.8/","critere":"Le service numérique utilise-t-il du texte ou de l'image au lieu de contenu vidéo, audio ou animé lorsque cela est possible ?","thematique":"UX/UI"},{"id":"4.9","url":"https://ecoresponsable.numerique.gouv.fr/publications/referentiel-general-ecoconception/critere/4.9/","critere":"Le service numérique permet-il de mettre en pause les animations, défilement ou clignotement ?","thematique":"UX/UI"},{"id":"4.10","url":"https://ecoresponsable.numerique.gouv.fr/publications/referentiel-general-ecoconception/critere/4.10/","critere":"Le service numérique utilise-t-il majoritairement des polices de caractères du système d'exploitation ?","thematique":"UX/UI"},{"id":"4.11","url":"https://ecoresponsable.numerique.gouv.fr/publications/referentiel-general-ecoconception/critere/4.11/","critere":"Le service numérique limite-t-il les requêtes serveur lors de la saisie utilisateur ?","thematique":"UX/UI"},{"id":"4.12","url":"https://ecoresponsable.numerique.gouv.fr/publications/referentiel-general-ecoconception/critere/4.12/","critere":"Le service numérique informe-t-il l'utilisateur du format de saisie attendu avant sa validation ?","thematique":"UX/UI"},{"id":"4.13","url":"https://ecoresponsable.numerique.gouv.fr/publications/referentiel-general-ecoconception/critere/4.13/","critere":"Le service numérique vérifie-t-il les saisies et les formats de données obligatoires à la soumission d'un formulaire sans requête serveur lorsque c'est possible ?","thematique":"UX/UI"},{"id":"4.14","url":"https://ecoresponsable.numerique.gouv.fr/publications/referentiel-general-ecoconception/critere/4.14/","critere":"Le service numérique informe-t-il l'utilisateur, avant le transfert, des poids et formats de fichier attendus ?","thematique":"UX/UI"},{"id":"4.15","url":"https://ecoresponsable.numerique.gouv.fr/publications/referentiel-general-ecoconception/critere/4.15/","critere":"Le service numérique vérifie-t-il des limites de poids et de formats sur les fichiers pouvant être transmis par l'utilisateur ?","thematique":"UX/UI"},{"id":"4.16","url":"https://ecoresponsable.numerique.gouv.fr/publications/referentiel-general-ecoconception/critere/4.16/","critere":"Le service numérique indique-t-il à l'utilisateur que l'utilisation d'une fonctionnalité a des impacts environnementaux importants ?","thematique":"UX/UI"},{"id":"4.17","url":"https://ecoresponsable.numerique.gouv.fr/publications/referentiel-general-ecoconception/critere/4.17/","critere":"Le service numérique propose-t-il des notifications uniquement lorsque c'est nécessaire ?","thematique":"UX/UI"},{"id":"4.18","url":"https://ecoresponsable.numerique.gouv.fr/publications/referentiel-general-ecoconception/critere/4.18/","critere":"Le service numérique permet-il à l'utilisateur de contrôler les notifications qu'il reçoit ?","thematique":"UX/UI"},{"id":"4.19","url":"https://ecoresponsable.numerique.gouv.fr/publications/referentiel-general-ecoconception/critere/4.19/","critere":"Le service numérique fournit-il à l'utilisateur un moyen de contrôle sur ses contenus et ses services afin de réduire les impacts environnementaux ?","thematique":"UX/UI"},{"id":"5.1","url":"https://ecoresponsable.numerique.gouv.fr/publications/referentiel-general-ecoconception/critere/5.1/","critere":"Le service numérique utilise-t-il un format de fichier adapté au contenu et au contexte de visualisation de chaque image ?","thematique":"Contenus"},{"id":"5.2","url":"https://ecoresponsable.numerique.gouv.fr/publications/referentiel-general-ecoconception/critere/5.2/","critere":"Le service numérique propose-t-il des images dont le niveau de compression est adapté au contenu et au contexte de visualisation ?","thematique":"Contenus"},{"id":"5.3","url":"https://ecoresponsable.numerique.gouv.fr/publications/referentiel-general-ecoconception/critere/5.3/","critere":"Le service numérique utilise-t-il un format de fichier adapté au contenu et au contexte de visualisation pour chaque vidéo ?","thematique":"Contenus"},{"id":"5.4","url":"https://ecoresponsable.numerique.gouv.fr/publications/referentiel-general-ecoconception/critere/5.4/","critere":"Le service numérique propose-t-il des vidéos dont le niveau de compression est adapté au contenu et au contexte de visualisation ?","thematique":"Contenus"},{"id":"5.5","url":"https://ecoresponsable.numerique.gouv.fr/publications/referentiel-general-ecoconception/critere/5.5/","critere":"Le service numérique utilise-t-il un format de fichier adapté au contenu et au contexte d'écoute de chaque contenu audio ?","thematique":"Contenus"},{"id":"5.6","url":"https://ecoresponsable.numerique.gouv.fr/publications/referentiel-general-ecoconception/critere/5.6/","critere":"Le service numérique propose-t-il des contenus audio dont le niveau de compression est adapté au contenu et au contexte d'écoute ?","thematique":"Contenus"},{"id":"5.7","url":"https://ecoresponsable.numerique.gouv.fr/publications/referentiel-general-ecoconception/critere/5.7/","critere":"Le service numérique utilise-t-il un format de fichier adapté au contenu et au contexte d'utilisation pour chaque document ?","thematique":"Contenus"},{"id":"5.8","url":"https://ecoresponsable.numerique.gouv.fr/publications/referentiel-general-ecoconception/critere/5.8/","critere":"Le service numérique propose-t-il des documents dont le niveau de compression est adapté au contenu et au contexte d'utilisation ?","thematique":"Contenus"},{"id":"5.9","url":"https://ecoresponsable.numerique.gouv.fr/publications/referentiel-general-ecoconception/critere/5.9/","critere":"Le service numérique a-t-il une stratégie d'archivage et de suppression, automatiques ou manuelles, des contenus obsolètes ou périmés ?","thematique":"Contenus"},{"id":"6.1","url":"https://ecoresponsable.numerique.gouv.fr/publications/referentiel-general-ecoconception/critere/6.1/","critere":"Le service numérique s'astreint-il à un poids maximum par écran ?","thematique":"Frontend"},{"id":"6.2","url":"https://ecoresponsable.numerique.gouv.fr/publications/referentiel-general-ecoconception/critere/6.2/","critere":"Le service numérique s'astreint-il à une limite de requêtes par écran ?","thematique":"Frontend"},{"id":"6.3","url":"https://ecoresponsable.numerique.gouv.fr/publications/referentiel-general-ecoconception/critere/6.3/","critere":"Le service numérique utilise-t-il des mécanismes de mises en cache pour la totalité des contenus transférés dont il a le contrôle ?","thematique":"Frontend"},{"id":"6.4","url":"https://ecoresponsable.numerique.gouv.fr/publications/referentiel-general-ecoconception/critere/6.4/","critere":"Le service numérique a-t-il mis en place des techniques de compression sur la totalité des ressources transférées dont il a le contrôle ?","thematique":"Frontend"},{"id":"6.5","url":"https://ecoresponsable.numerique.gouv.fr/publications/referentiel-general-ecoconception/critere/6.5/","critere":"Le service numérique affiche-t-il majoritairement des éléments graphiques et des médias dont les dimensions d'origine correspondent aux dimensions du contexte d'affichage ?","thematique":"Frontend"},{"id":"6.6","url":"https://ecoresponsable.numerique.gouv.fr/publications/referentiel-general-ecoconception/critere/6.6/","critere":"Le service numérique propose-t-il un mécanisme de chargement progressif pour les éléments graphiques et les médias le nécessitant ?","thematique":"Frontend"},{"id":"6.7","url":"https://ecoresponsable.numerique.gouv.fr/publications/referentiel-general-ecoconception/critere/6.7/","critere":"Le service numérique se limite-t-il au chargement des composants utilisés au sein des bibliothèques lorsque cela est possible ?","thematique":"Frontend"},{"id":"6.8","url":"https://ecoresponsable.numerique.gouv.fr/publications/referentiel-general-ecoconception/critere/6.8/","critere":"Le service numérique évite-t-il de déclencher le chargement de ressources et de contenus inutilisés pour chaque fonctionnalité ?","thematique":"Frontend"},{"id":"6.9","url":"https://ecoresponsable.numerique.gouv.fr/publications/referentiel-general-ecoconception/critere/6.9/","critere":"Le service numérique utilise-t-il un stockage côté client de certaines ressources afin d'éviter des échanges réseaux inutiles ?","thematique":"Frontend"},{"id":"6.10","url":"https://ecoresponsable.numerique.gouv.fr/publications/referentiel-general-ecoconception/critere/6.10/","critere":"Le service numérique restreint-il l'usage des capteurs des terminaux utilisateur au besoin du service plutôt qu'en permanence ?","thematique":"Frontend"},{"id":"6.11","url":"https://ecoresponsable.numerique.gouv.fr/publications/referentiel-general-ecoconception/critere/6.11/","critere":"Le service numérique héberge-t-il les ressources statiques transférées dont il est l'émetteur sur un même domaine ?","thematique":"Frontend"},{"id":"7.1","url":"https://ecoresponsable.numerique.gouv.fr/publications/referentiel-general-ecoconception/critere/7.1/","critere":"Le service numérique a-t-il recours à un système de cache serveur pour les données les plus utilisées ?","thematique":"Backend"},{"id":"7.2","url":"https://ecoresponsable.numerique.gouv.fr/publications/referentiel-general-ecoconception/critere/7.2/","critere":"Le service numérique est-il configuré pour transmettre depuis le serveur des contenus compressés au client qui les accepte ?","thematique":"Backend"},{"id":"7.3","url":"https://ecoresponsable.numerique.gouv.fr/publications/referentiel-general-ecoconception/critere/7.3/","critere":"Le service numérique définit-il des durées de conservation sur les données et documents qui le nécessitent ?","thematique":"Backend"},{"id":"7.4","url":"https://ecoresponsable.numerique.gouv.fr/publications/referentiel-general-ecoconception/critere/7.4/","critere":"Le service numérique archive-t-il ou supprime-t-il les données et documents après expiration de leur durée de conservation ?","thematique":"Backend"},{"id":"7.5","url":"https://ecoresponsable.numerique.gouv.fr/publications/referentiel-general-ecoconception/critere/7.5/","critere":"Le service numérique informe-t-il l'utilisateur d'un traitement en cours en arrière-plan ?","thematique":"Backend"},{"id":"8.1","url":"https://ecoresponsable.numerique.gouv.fr/publications/referentiel-general-ecoconception/critere/8.1/","critere":"Le service numérique utilise-t-il un hébergement signataire du Code de Conduite européen sur les Datacentres ?","thematique":"Hébergement"},{"id":"8.2","url":"https://ecoresponsable.numerique.gouv.fr/publications/referentiel-general-ecoconception/critere/8.2/","critere":"Le service numérique utilise-t-il un hébergement ayant une démarche de réduction de son impact écologique ?","thematique":"Hébergement"},{"id":"8.3","url":"https://ecoresponsable.numerique.gouv.fr/publications/referentiel-general-ecoconception/critere/8.3/","critere":"Le service numérique utilise-t-il un hébergement qui fournit une politique de gestion durable des équipements ?","thematique":"Hébergement"},{"id":"8.4","url":"https://ecoresponsable.numerique.gouv.fr/publications/referentiel-general-ecoconception/critere/8.4/","critere":"Le service numérique utilise-t-il un hébergement qui fournit des indicateurs d'impacts environnementaux liés à son activité ?","thematique":"Hébergement"},{"id":"8.5","url":"https://ecoresponsable.numerique.gouv.fr/publications/referentiel-general-ecoconception/critere/8.5/","critere":"Le service numérique utilise-t-il un hébergement dont le PUE (Power Usage Effectiveness) est communiqué ?","thematique":"Hébergement"},{"id":"8.6","url":"https://ecoresponsable.numerique.gouv.fr/publications/referentiel-general-ecoconception/critere/8.6/","critere":"Le service numérique utilise-t-il un hébergement dont son WUE (Water Usage Effectiveness) est communiqué ?","thematique":"Hébergement"},{"id":"8.7","url":"https://ecoresponsable.numerique.gouv.fr/publications/referentiel-general-ecoconception/critere/8.7/","critere":"Le service numérique utilise-t-il un hébergement dont la consommation d'électricité est majoritairement d'origine renouvelable ?","thematique":"Hébergement"},{"id":"8.8","url":"https://ecoresponsable.numerique.gouv.fr/publications/referentiel-general-ecoconception/critere/8.8/","critere":"Le service numérique utilise-t-il un hébergement dont la localisation géographique est en cohérence avec celle de ses utilisateurs et de ses activités ?","thematique":"Hébergement"},{"id":"8.9","url":"https://ecoresponsable.numerique.gouv.fr/publications/referentiel-general-ecoconception/critere/8.9/","critere":"Le service numérique héberge-t-il de façon distincte les données « chaudes » et « froides » ?","thematique":"Hébergement"},{"id":"8.10","url":"https://ecoresponsable.numerique.gouv.fr/publications/referentiel-general-ecoconception/critere/8.10/","critere":"Le service numérique duplique-t-il les données uniquement lorsque cela est nécessaire ?","thematique":"Hébergement"},{"id":"8.11","url":"https://ecoresponsable.numerique.gouv.fr/publications/referentiel-general-ecoconception/critere/8.11/","critere":"Le service numérique utilise-t-il une redondance uniquement lorsque cela est nécessaire ?","thematique":"Hébergement"},{"id":"8.12","url":"https://ecoresponsable.numerique.gouv.fr/publications/referentiel-general-ecoconception/critere/8.12/","critere":"Le service numérique utilise-t-il un hébergement qui récupère la chaleur fatale produite par les serveurs ?","thematique":"Hébergement"}]}
